{
    "class0": {
        "precision": 0.83709497266019,
        "recall": 0.8869565217391304,
        "f1_score": 0.8592354947024642
    },
    "class1": {
        "precision": 0.8821446831835849,
        "recall": 0.8217391304347824,
        "f1_score": 0.8482736456919543
    }
}